[
  {
    "BoardName": "Epics",
    "value": [
      {
        "name": "New",
        "itemLimit": 0,
        "stateMappings": {
          "Epic": "New"
        },
        "columnType": "incoming"
      },
      {
        "name": "Active",
        "itemLimit": 5,
        "stateMappings": {
          "Epic": "Active"
        },
        "columnType": "inProgress",
        "isSplit": false,
        "description": ""
      },
      {
        "name": "Resolved",
        "itemLimit": 5,
        "stateMappings": {
          "Epic": "Resolved"
        },
        "columnType": "inProgress",
        "isSplit": false,
        "description": ""
      },
      {
        "name": "Closed",
        "itemLimit": 0,
        "stateMappings": {
          "Epic": "Closed"
        },
        "columnType": "outgoing"
      }
    ]
  },
  {
    "BoardName": "Features",
    "value": [
      {
        "name": "New",
        "itemLimit": 0,
        "stateMappings": {
          "Feature": "New"
        },
        "columnType": "incoming"
      },
      {
        "name": "Active",
        "itemLimit": 5,
        "stateMappings": {
          "Feature": "Active"
        },
        "columnType": "inProgress",
        "isSplit": false,
        "description": ""
      },
      {
        "name": "Resolved",
        "itemLimit": 5,
        "stateMappings": {
          "Feature": "Resolved"
        },
        "columnType": "inProgress",
        "isSplit": false,
        "description": ""
      },
      {
        "name": "Closed",
        "itemLimit": 0,
        "stateMappings": {
          "Feature": "Closed"
        },
        "columnType": "outgoing"
      }
    ]
  },
  {
    "BoardName": "Stories",
    "value": [
      {
        "name": "New",
        "itemLimit": 0,
        "stateMappings": {
          "User Story": "New",
          "Bug": "New"
        },
        "columnType": "incoming"
      },
      {
        "name": "Active",
        "itemLimit": 5,
        "stateMappings": {
          "User Story": "Active",
          "Bug": "Active"
        },
        "columnType": "inProgress",
        "isSplit": false,
        "description": ""
      },
      {
        "name": "Resolved",
        "itemLimit": 5,
        "stateMappings": {
          "User Story": "Resolved",
          "Bug": "Resolved"
        },
        "columnType": "inProgress",
        "isSplit": false,
        "description": ""
      },
      {
        "name": "Closed",
        "itemLimit": 0,
        "stateMappings": {
          "User Story": "Closed",
          "Bug": "Closed"
        },
        "columnType": "outgoing"
      }
    ]
  }
]