[
  {
    "cards": {
      "Epic": [
        {
          "fieldIdentifier": "System.Id"
        },
        {
          "fieldIdentifier": "System.Title"
        },
        {
          "fieldIdentifier": "System.AssignedTo",
          "displayFormat": "AvatarAndFullName"
        },
        {
          "fieldIdentifier": "System.Tags"
        },
        {
          "fieldIdentifier": "System.State"
        }
      ]
    },
    "BoardName": "Epics"
  },
  {
    "cards": {
      "Feature": [
        {
          "fieldIdentifier": "System.Id"
        },
        {
          "fieldIdentifier": "System.Title"
        },
        {
          "fieldIdentifier": "System.AssignedTo",
          "displayFormat": "AvatarAndFullName"
        },
        {
          "fieldIdentifier": "System.Tags"
        },
        {
          "fieldIdentifier": "System.State"
        }
      ]
    },
    "BoardName": "Features"
  },
  {
    "cards": {
      "User Story": [
        {
          "fieldIdentifier": "System.Id"
        },
        {
          "fieldIdentifier": "System.Title"
        },
        {
          "fieldIdentifier": "System.AssignedTo",
          "displayFormat": "AvatarAndFullName"
        },
        {
          "fieldIdentifier": "System.Tags"
        },
        {
          "fieldIdentifier": "System.State"
        },
        {
          "fieldIdentifier": "Microsoft.VSTS.Scheduling.StoryPoints"
        }
      ],
      "Bug": [
        {
          "fieldIdentifier": "System.Id"
        },
        {
          "fieldIdentifier": "System.Title"
        },
        {
          "fieldIdentifier": "System.AssignedTo",
          "displayFormat": "AvatarAndFullName"
        },
        {
          "fieldIdentifier": "System.Tags"
        },
        {
          "fieldIdentifier": "System.State"
        },
        {
          "fieldIdentifier": "Microsoft.VSTS.Scheduling.StoryPoints"
        }
      ]
    },
    "BoardName": "Stories"
  }
]