{
  "count": 7,
  "value": [
    {
      "id": 382,
      "rev": 4,
      "fields": {
        "System.AreaPath": "Secure Bot Service for Retail",
        "System.TeamProject": "Secure Bot Service for Retail",
        "System.IterationPath": "Secure Bot Service for Retail",
        "System.WorkItemType": "Feature",
        "System.State": "New",
        "System.Reason": "New feature",
        "System.CreatedDate": "2022-01-31T05:44:14.247Z",
        "System.CreatedBy": "Arek Bar <arekbar@microsoft.com>",
        "System.ChangedDate": "2022-01-31T06:11:08.207Z",
        "System.ChangedBy": "Arek Bar <arekbar@microsoft.com>",
        "System.Title": "1. Define Use Cases",
        "Microsoft.VSTS.Scheduling.Effort": 0.0,
        "System.Description": "<div>Lets take a look at typical interaction points customers and internal users encounter frequently. </div><div>Repeatable conversation flows? </div><div><br> </div><div>Azure Bot Framework lets you create powerful chatbots that can answer questions posed by your customers, other employees, or visitors to your website or service </div><div><ul> </ul> </div><div><br> </div>",
        "System.AssignedTo": null,
        "Microsoft.VSTS.Scheduling.RemainingWork": 0.0,
        "Microsoft.VSTS.Common.Priority": 2.0,
        "System.BoardLane": null,
        "System.Tags": null,
        "Microsoft.VSTS.TCM.Steps": null,
        "Microsoft.VSTS.TCM.Parameters": null,
        "Microsoft.VSTS.TCM.LocalDataSource": null,
        "Microsoft.VSTS.TCM.AutomationStatus": null,
        "System.History": null
      },
      "relations": [
        {
          "rel": "System.LinkTypes.Hierarchy-Forward",
          "url": "https://dev.azure.com/arekbar51/_apis/wit/workItems/388",
          "attributes": {
            "isLocked": "false",
            "name": "Child"
          }
        }
      ],
      "url": "https://dev.azure.com/arekbar51/_apis/wit/workItems/382"
    },
    {
      "id": 383,
      "rev": 4,
      "fields": {
        "System.AreaPath": "Secure Bot Service for Retail",
        "System.TeamProject": "Secure Bot Service for Retail",
        "System.IterationPath": "Secure Bot Service for Retail",
        "System.WorkItemType": "Feature",
        "System.State": "New",
        "System.Reason": "New feature",
        "System.CreatedDate": "2022-01-31T05:46:40.307Z",
        "System.CreatedBy": "Arek Bar <arekbar@microsoft.com>",
        "System.ChangedDate": "2022-01-31T06:15:27.41Z",
        "System.ChangedBy": "Arek Bar <arekbar@microsoft.com>",
        "System.Title": "2. Get Started with Azure Bot Framework | Tutorials",
        "Microsoft.VSTS.Scheduling.Effort": 0.0,
        "System.Description": "<div><br> </div><div><br> </div>",
        "System.AssignedTo": null,
        "Microsoft.VSTS.Scheduling.RemainingWork": 0.0,
        "Microsoft.VSTS.Common.Priority": 2.0,
        "System.BoardLane": null,
        "System.Tags": null,
        "Microsoft.VSTS.TCM.Steps": null,
        "Microsoft.VSTS.TCM.Parameters": null,
        "Microsoft.VSTS.TCM.LocalDataSource": null,
        "Microsoft.VSTS.TCM.AutomationStatus": null,
        "System.History": null
      },
      "relations": [
        {
          "rel": "System.LinkTypes.Hierarchy-Forward",
          "url": "https://dev.azure.com/arekbar51/_apis/wit/workItems/389",
          "attributes": {
            "isLocked": "false",
            "name": "Child"
          }
        }
      ],
      "url": "https://dev.azure.com/arekbar51/_apis/wit/workItems/383"
    },
    {
      "id": 384,
      "rev": 5,
      "fields": {
        "System.AreaPath": "Secure Bot Service for Retail",
        "System.TeamProject": "Secure Bot Service for Retail",
        "System.IterationPath": "Secure Bot Service for Retail",
        "System.WorkItemType": "Feature",
        "System.State": "New",
        "System.Reason": "New feature",
        "System.CreatedDate": "2022-01-31T05:56:21.69Z",
        "System.CreatedBy": "Arek Bar <arekbar@microsoft.com>",
        "System.ChangedDate": "2022-01-31T06:18:40.63Z",
        "System.ChangedBy": "Arek Bar <arekbar@microsoft.com>",
        "System.Title": " 3. Setup Development Environment",
        "Microsoft.VSTS.Scheduling.Effort": 0.0,
        "System.Description": "<div><br> </div><div><br> </div>",
        "System.AssignedTo": null,
        "Microsoft.VSTS.Scheduling.RemainingWork": 0.0,
        "Microsoft.VSTS.Common.Priority": 2.0,
        "System.BoardLane": null,
        "System.Tags": null,
        "Microsoft.VSTS.TCM.Steps": null,
        "Microsoft.VSTS.TCM.Parameters": null,
        "Microsoft.VSTS.TCM.LocalDataSource": null,
        "Microsoft.VSTS.TCM.AutomationStatus": null,
        "System.History": null
      },
      "relations": [
        {
          "rel": "System.LinkTypes.Hierarchy-Forward",
          "url": "https://dev.azure.com/arekbar51/_apis/wit/workItems/391",
          "attributes": {
            "isLocked": "false",
            "name": "Child"
          }
        }
      ],
      "url": "https://dev.azure.com/arekbar51/_apis/wit/workItems/384"
    },
    {
      "id": 385,
      "rev": 3,
      "fields": {
        "System.AreaPath": "Secure Bot Service for Retail",
        "System.TeamProject": "Secure Bot Service for Retail",
        "System.IterationPath": "Secure Bot Service for Retail",
        "System.WorkItemType": "Feature",
        "System.State": "New",
        "System.Reason": "New feature",
        "System.CreatedDate": "2022-01-31T05:59:09.377Z",
        "System.CreatedBy": "Arek Bar <arekbar@microsoft.com>",
        "System.ChangedDate": "2022-01-31T06:01:06.797Z",
        "System.ChangedBy": "Arek Bar <arekbar@microsoft.com>",
        "System.Title": "4. Identify Data Sources",
        "Microsoft.VSTS.Scheduling.Effort": 0.0,
        "System.Description": "<div>What are the data sources that can be leveraged to answer typical customer questions? </div><div><br> </div><div>Do we have any existing knowledge bases that can be easily&nbsp;imported?&nbsp; </div><div><br> </div><div>Can we leverage existing Question and Answer Banks? - <a href=\"https://www.qnamaker.ai/\">QnA Maker</a> </div>",
        "System.AssignedTo": null,
        "Microsoft.VSTS.Scheduling.RemainingWork": 0.0,
        "Microsoft.VSTS.Common.Priority": 2.0,
        "System.BoardLane": null,
        "System.Tags": null,
        "Microsoft.VSTS.TCM.Steps": null,
        "Microsoft.VSTS.TCM.Parameters": null,
        "Microsoft.VSTS.TCM.LocalDataSource": null,
        "Microsoft.VSTS.TCM.AutomationStatus": null,
        "System.History": null
      },
      "relations": [
        {
          "rel": "System.LinkTypes.Hierarchy-Forward",
          "url": "https://dev.azure.com/arekbar51/_apis/wit/workItems/399",
          "attributes": {
            "isLocked": "false",
            "name": "Child"
          }
        }
      ],
      "url": "https://dev.azure.com/arekbar51/_apis/wit/workItems/385"
    },
    {
      "id": 386,
      "rev": 3,
      "fields": {
        "System.AreaPath": "Secure Bot Service for Retail",
        "System.TeamProject": "Secure Bot Service for Retail",
        "System.IterationPath": "Secure Bot Service for Retail",
        "System.WorkItemType": "Feature",
        "System.State": "New",
        "System.Reason": "New feature",
        "System.CreatedDate": "2022-01-31T06:01:34.8Z",
        "System.CreatedBy": "Arek Bar <arekbar@microsoft.com>",
        "System.ChangedDate": "2022-01-31T06:07:44.32Z",
        "System.ChangedBy": "Arek Bar <arekbar@microsoft.com>",
        "System.Title": "5. Hosting Your Bot",
        "Microsoft.VSTS.Scheduling.Effort": 0.0,
        "System.Description": "<div>You can deploy your bot directly to Azure through the Composer tool. This is great for development and testing.&nbsp; </div><div><br> </div><div>For Production Environments: </div><div><ul><li><a href=\"https://docs.microsoft.com/en-us/azure/bot-service/bot-builder-deploy-az-cli?view=azure-bot-service-4.0&amp;tabs=csharp%2cuserassigned\">Where will I host my bot?</a> </li><li><a href=\"https://docs.microsoft.com/en-us/composer/how-to-cicd\">Will CICD pipelines be leveraged?</a> </li><li><a href=\"https://docs.microsoft.com/en-us/security/benchmark/azure/baselines/bot-service-security-baseline\">What security requirements need to be met?</a> </li><li><a href=\"https://docs.microsoft.com/en-us/azure/app-service/overview-vnet-integration\">Does the bot need to retrieve information hosted on a private network?</a> </li> </ul> </div><div><br> </div><div><br> </div><div><br> </div>",
        "System.AssignedTo": null,
        "Microsoft.VSTS.Scheduling.RemainingWork": 0.0,
        "Microsoft.VSTS.Common.Priority": 2.0,
        "System.BoardLane": null,
        "System.Tags": null,
        "Microsoft.VSTS.TCM.Steps": null,
        "Microsoft.VSTS.TCM.Parameters": null,
        "Microsoft.VSTS.TCM.LocalDataSource": null,
        "Microsoft.VSTS.TCM.AutomationStatus": null,
        "System.History": null
      },
      "relations": [
        {
          "rel": "System.LinkTypes.Hierarchy-Forward",
          "url": "https://dev.azure.com/arekbar51/_apis/wit/workItems/402",
          "attributes": {
            "isLocked": "false",
            "name": "Child"
          }
        }
      ],
      "url": "https://dev.azure.com/arekbar51/_apis/wit/workItems/386"
    },
    {
      "id": 387,
      "rev": 3,
      "fields": {
        "System.AreaPath": "Secure Bot Service for Retail",
        "System.TeamProject": "Secure Bot Service for Retail",
        "System.IterationPath": "Secure Bot Service for Retail",
        "System.WorkItemType": "Feature",
        "System.State": "New",
        "System.Reason": "New feature",
        "System.CreatedDate": "2022-01-31T06:09:25.633Z",
        "System.CreatedBy": "Arek Bar <arekbar@microsoft.com>",
        "System.ChangedDate": "2022-01-31T06:30:32.58Z",
        "System.ChangedBy": "Arek Bar <arekbar@microsoft.com>",
        "System.Title": "6. CI/CD",
        "Microsoft.VSTS.Scheduling.Effort": 0.0,
        "System.Description": "<div>Deploying Bots Via CICD Pipeline </div>",
        "System.AssignedTo": null,
        "Microsoft.VSTS.Scheduling.RemainingWork": 0.0,
        "Microsoft.VSTS.Common.Priority": 2.0,
        "System.BoardLane": null,
        "System.Tags": null,
        "Microsoft.VSTS.TCM.Steps": null,
        "Microsoft.VSTS.TCM.Parameters": null,
        "Microsoft.VSTS.TCM.LocalDataSource": null,
        "Microsoft.VSTS.TCM.AutomationStatus": null,
        "System.History": null
      },
      "relations": null,
      "url": "https://dev.azure.com/arekbar51/_apis/wit/workItems/387"
    },
    {
      "id": 405,
      "rev": 2,
      "fields": {
        "System.AreaPath": "Secure Bot Service for Retail",
        "System.TeamProject": "Secure Bot Service for Retail",
        "System.IterationPath": "Secure Bot Service for Retail",
        "System.WorkItemType": "Feature",
        "System.State": "New",
        "System.Reason": "New",
        "System.CreatedDate": "2022-01-31T06:49:41.17Z",
        "System.CreatedBy": "Arek Bar <arekbar@microsoft.com>",
        "System.ChangedDate": "2022-01-31T06:49:41.17Z",
        "System.ChangedBy": "Arek Bar <arekbar@microsoft.com>",
        "System.Title": "7. Language Understanding / Processing",
        "Microsoft.VSTS.Scheduling.Effort": 0.0,
        "System.Description": null,
        "System.AssignedTo": null,
        "Microsoft.VSTS.Scheduling.RemainingWork": 0.0,
        "Microsoft.VSTS.Common.Priority": 2.0,
        "System.BoardLane": null,
        "System.Tags": null,
        "Microsoft.VSTS.TCM.Steps": null,
        "Microsoft.VSTS.TCM.Parameters": null,
        "Microsoft.VSTS.TCM.LocalDataSource": null,
        "Microsoft.VSTS.TCM.AutomationStatus": null,
        "System.History": null
      },
      "relations": [
        {
          "rel": "System.LinkTypes.Hierarchy-Forward",
          "url": "https://dev.azure.com/arekbar51/_apis/wit/workItems/406",
          "attributes": {
            "isLocked": "false",
            "name": "Child"
          }
        }
      ],
      "url": "https://dev.azure.com/arekbar51/_apis/wit/workItems/405"
    }
  ],
  "HttpStatusCode": 0,
  "Message": null
}