{
  "count": 10,
  "value": [
    {
      "id": 390,
      "rev": 2,
      "fields": {
        "System.AreaPath": "Secure Bot Service for Retail",
        "System.TeamProject": "Secure Bot Service for Retail",
        "System.IterationPath": "Secure Bot Service for Retail",
        "System.WorkItemType": "Task",
        "System.State": "New",
        "System.Reason": "New",
        "System.CreatedDate": "2022-01-31T06:17:55.187Z",
        "System.CreatedBy": "Arek Bar <arekbar@microsoft.com>",
        "System.ChangedDate": "2022-01-31T06:32:59.58Z",
        "System.ChangedBy": "Arek Bar <arekbar@microsoft.com>",
        "System.Title": "Explore Bot Builder Samples",
        "Microsoft.VSTS.Scheduling.Effort": 0.0,
        "System.Description": "<div><a href=\"https://github.com/microsoft/BotBuilder-Samples\" style=\"box-sizing:border-box;text-decoration:underline;cursor:pointer;\">Bot Builder Samples GitHub Page</a><br> </div>",
        "System.AssignedTo": null,
        "Microsoft.VSTS.Scheduling.RemainingWork": 0.0,
        "Microsoft.VSTS.Common.Priority": 2.0,
        "System.BoardLane": null,
        "System.Tags": null,
        "Microsoft.VSTS.TCM.Steps": null,
        "Microsoft.VSTS.TCM.Parameters": null,
        "Microsoft.VSTS.TCM.LocalDataSource": null,
        "Microsoft.VSTS.TCM.AutomationStatus": null,
        "System.History": null
      },
      "relations": [
        {
          "rel": "System.LinkTypes.Hierarchy-Reverse",
          "url": "https://dev.azure.com/arekbar51/_apis/wit/workItems/389",
          "attributes": {
            "isLocked": "false",
            "name": "Parent"
          }
        }
      ],
      "url": "https://dev.azure.com/arekbar51/_apis/wit/workItems/390"
    },
    {
      "id": 392,
      "rev": 1,
      "fields": {
        "System.AreaPath": "Secure Bot Service for Retail",
        "System.TeamProject": "Secure Bot Service for Retail",
        "System.IterationPath": "Secure Bot Service for Retail",
        "System.WorkItemType": "Task",
        "System.State": "New",
        "System.Reason": "New",
        "System.CreatedDate": "2022-01-31T06:21:08.807Z",
        "System.CreatedBy": "Arek Bar <arekbar@microsoft.com>",
        "System.ChangedDate": "2022-01-31T06:21:08.807Z",
        "System.ChangedBy": "Arek Bar <arekbar@microsoft.com>",
        "System.Title": "Install Bot Framework Composer",
        "Microsoft.VSTS.Scheduling.Effort": 0.0,
        "System.Description": "<div style=\"box-sizing:border-box;\"><a href=\"https://docs.microsoft.com/en-us/composer/install-composer?tabs=windows\" style=\"font-weight:inherit;\">Install Bot Framework Composer</a> </div><br>",
        "System.AssignedTo": null,
        "Microsoft.VSTS.Scheduling.RemainingWork": 0.0,
        "Microsoft.VSTS.Common.Priority": 2.0,
        "System.BoardLane": null,
        "System.Tags": null,
        "Microsoft.VSTS.TCM.Steps": null,
        "Microsoft.VSTS.TCM.Parameters": null,
        "Microsoft.VSTS.TCM.LocalDataSource": null,
        "Microsoft.VSTS.TCM.AutomationStatus": null,
        "System.History": null
      },
      "relations": [
        {
          "rel": "System.LinkTypes.Hierarchy-Reverse",
          "url": "https://dev.azure.com/arekbar51/_apis/wit/workItems/389",
          "attributes": {
            "isLocked": "false",
            "name": "Parent"
          }
        }
      ],
      "url": "https://dev.azure.com/arekbar51/_apis/wit/workItems/392"
    },
    {
      "id": 394,
      "rev": 1,
      "fields": {
        "System.AreaPath": "Secure Bot Service for Retail",
        "System.TeamProject": "Secure Bot Service for Retail",
        "System.IterationPath": "Secure Bot Service for Retail",
        "System.WorkItemType": "Task",
        "System.State": "New",
        "System.Reason": "New",
        "System.CreatedDate": "2022-01-31T06:26:16.16Z",
        "System.CreatedBy": "Arek Bar <arekbar@microsoft.com>",
        "System.ChangedDate": "2022-01-31T06:26:16.16Z",
        "System.ChangedBy": "Arek Bar <arekbar@microsoft.com>",
        "System.Title": "Azure Key Vault",
        "Microsoft.VSTS.Scheduling.Effort": 0.0,
        "System.Description": "<div><a href=\"https://docs.microsoft.com/en-us/azure/key-vault/general/quick-create-portal\">Quickstart - Create an Azure Key Vault with the Azure portal | Microsoft Docs</a><br> </div>",
        "System.AssignedTo": null,
        "Microsoft.VSTS.Scheduling.RemainingWork": 0.0,
        "Microsoft.VSTS.Common.Priority": 2.0,
        "System.BoardLane": null,
        "System.Tags": null,
        "Microsoft.VSTS.TCM.Steps": null,
        "Microsoft.VSTS.TCM.Parameters": null,
        "Microsoft.VSTS.TCM.LocalDataSource": null,
        "Microsoft.VSTS.TCM.AutomationStatus": null,
        "System.History": null
      },
      "relations": [
        {
          "rel": "System.LinkTypes.Hierarchy-Reverse",
          "url": "https://dev.azure.com/arekbar51/_apis/wit/workItems/393",
          "attributes": {
            "isLocked": "false",
            "name": "Parent"
          }
        }
      ],
      "url": "https://dev.azure.com/arekbar51/_apis/wit/workItems/394"
    },
    {
      "id": 395,
      "rev": 1,
      "fields": {
        "System.AreaPath": "Secure Bot Service for Retail",
        "System.TeamProject": "Secure Bot Service for Retail",
        "System.IterationPath": "Secure Bot Service for Retail",
        "System.WorkItemType": "Task",
        "System.State": "New",
        "System.Reason": "New",
        "System.CreatedDate": "2022-01-31T06:29:02.46Z",
        "System.CreatedBy": "Arek Bar <arekbar@microsoft.com>",
        "System.ChangedDate": "2022-01-31T06:29:02.46Z",
        "System.ChangedBy": "Arek Bar <arekbar@microsoft.com>",
        "System.Title": "Service connections in Azure Pipelines",
        "Microsoft.VSTS.Scheduling.Effort": 0.0,
        "System.Description": "<div><h2 dir=auto style=\"box-sizing:border-box;margin-top:24px;margin-bottom:16px;font-size:1.5em;font-weight:600;line-height:1.25;padding-bottom:0.3em;color:rgb(36, 41, 47);font-family:-apple-system, BlinkMacSystemFont, &quot;Segoe UI&quot;, Helvetica, Arial, sans-serif, &quot;Apple Color Emoji&quot;, &quot;Segoe UI Emoji&quot;;\"><a href=\"https://docs.microsoft.com/en-us/azure/devops/pipelines/library/connect-to-azure?view=azure-devops\" style=\"font-size:14px;font-weight:inherit;\">Connect to Microsoft Azure - Azure Pipelines | Microsoft Docs</a> </h2> </div>",
        "System.AssignedTo": null,
        "Microsoft.VSTS.Scheduling.RemainingWork": 0.0,
        "Microsoft.VSTS.Common.Priority": 2.0,
        "System.BoardLane": null,
        "System.Tags": null,
        "Microsoft.VSTS.TCM.Steps": null,
        "Microsoft.VSTS.TCM.Parameters": null,
        "Microsoft.VSTS.TCM.LocalDataSource": null,
        "Microsoft.VSTS.TCM.AutomationStatus": null,
        "System.History": null
      },
      "relations": [
        {
          "rel": "System.LinkTypes.Hierarchy-Reverse",
          "url": "https://dev.azure.com/arekbar51/_apis/wit/workItems/396",
          "attributes": {
            "isLocked": "false",
            "name": "Parent"
          }
        }
      ],
      "url": "https://dev.azure.com/arekbar51/_apis/wit/workItems/395"
    },
    {
      "id": 398,
      "rev": 1,
      "fields": {
        "System.AreaPath": "Secure Bot Service for Retail",
        "System.TeamProject": "Secure Bot Service for Retail",
        "System.IterationPath": "Secure Bot Service for Retail",
        "System.WorkItemType": "Task",
        "System.State": "New",
        "System.Reason": "New",
        "System.CreatedDate": "2022-01-31T06:32:22.873Z",
        "System.CreatedBy": "Arek Bar <arekbar@microsoft.com>",
        "System.ChangedDate": "2022-01-31T06:32:22.873Z",
        "System.ChangedBy": "Arek Bar <arekbar@microsoft.com>",
        "System.Title": "Set up CICD Pipeline for Bot Code",
        "Microsoft.VSTS.Scheduling.Effort": 0.0,
        "System.Description": "<div><a href=\"https://docs.microsoft.com/en-us/composer/how-to-cicd\" style=\"box-sizing:border-box;text-decoration:underline;cursor:pointer;\">CICD Pipelines for Azure Bots&nbsp;</a><br> </div>",
        "System.AssignedTo": null,
        "Microsoft.VSTS.Scheduling.RemainingWork": 0.0,
        "Microsoft.VSTS.Common.Priority": 2.0,
        "System.BoardLane": null,
        "System.Tags": null,
        "Microsoft.VSTS.TCM.Steps": null,
        "Microsoft.VSTS.TCM.Parameters": null,
        "Microsoft.VSTS.TCM.LocalDataSource": null,
        "Microsoft.VSTS.TCM.AutomationStatus": null,
        "System.History": null
      },
      "relations": [
        {
          "rel": "System.LinkTypes.Hierarchy-Reverse",
          "url": "https://dev.azure.com/arekbar51/_apis/wit/workItems/397",
          "attributes": {
            "isLocked": "false",
            "name": "Parent"
          }
        }
      ],
      "url": "https://dev.azure.com/arekbar51/_apis/wit/workItems/398"
    },
    {
      "id": 400,
      "rev": 1,
      "fields": {
        "System.AreaPath": "Secure Bot Service for Retail",
        "System.TeamProject": "Secure Bot Service for Retail",
        "System.IterationPath": "Secure Bot Service for Retail",
        "System.WorkItemType": "Task",
        "System.State": "New",
        "System.Reason": "New",
        "System.CreatedDate": "2022-01-31T06:38:16.157Z",
        "System.CreatedBy": "Arek Bar <arekbar@microsoft.com>",
        "System.ChangedDate": "2022-01-31T06:38:16.157Z",
        "System.ChangedBy": "Arek Bar <arekbar@microsoft.com>",
        "System.Title": "Vnet Integration",
        "Microsoft.VSTS.Scheduling.Effort": 0.0,
        "System.Description": "<div><span>The VNet integration feature:</span><ul><li><span>Requires a Standard, Premium, Premium v2, Premium v3, or Elastic Premium App Service pricing tier.</span> </li> </ul><div>Virtual network integration gives your app access to resources in your virtual network, but it doesn't grant inbound private access to your app from the virtual network.<br> </div> </div><div><br> </div><div><a href=\"https://docs.microsoft.com/en-us/azure/app-service/configure-vnet-integration-enable\">Enable integration with an Azure virtual network - Azure App Service | Microsoft Docs</a><br> </div><div><br> </div><div><span><br></span> </div>",
        "System.AssignedTo": null,
        "Microsoft.VSTS.Scheduling.RemainingWork": 0.0,
        "Microsoft.VSTS.Common.Priority": 2.0,
        "System.BoardLane": null,
        "System.Tags": null,
        "Microsoft.VSTS.TCM.Steps": null,
        "Microsoft.VSTS.TCM.Parameters": null,
        "Microsoft.VSTS.TCM.LocalDataSource": null,
        "Microsoft.VSTS.TCM.AutomationStatus": null,
        "System.History": null
      },
      "relations": [
        {
          "rel": "System.LinkTypes.Hierarchy-Reverse",
          "url": "https://dev.azure.com/arekbar51/_apis/wit/workItems/399",
          "attributes": {
            "isLocked": "false",
            "name": "Parent"
          }
        }
      ],
      "url": "https://dev.azure.com/arekbar51/_apis/wit/workItems/400"
    },
    {
      "id": 401,
      "rev": 3,
      "fields": {
        "System.AreaPath": "Secure Bot Service for Retail",
        "System.TeamProject": "Secure Bot Service for Retail",
        "System.IterationPath": "Secure Bot Service for Retail",
        "System.WorkItemType": "Task",
        "System.State": "New",
        "System.Reason": "New",
        "System.CreatedDate": "2022-01-31T06:40:33.453Z",
        "System.CreatedBy": "Arek Bar <arekbar@microsoft.com>",
        "System.ChangedDate": "2022-01-31T06:41:28.697Z",
        "System.ChangedBy": "Arek Bar <arekbar@microsoft.com>",
        "System.Title": "AppService Managed Identities --> KeyVault",
        "Microsoft.VSTS.Scheduling.Effort": 0.0,
        "System.Description": "<div>A managed identity from Azure Active Directory (Azure AD) allows your app to easily access other Azure AD-protected resources such as Azure Key Vault. The identity is managed by the Azure platform and does not require you to provision or rotate any secrets. For more about managed identities in Azure AD,<br> </div><div><br> </div><div><span>To set up a managed identity in the portal, you will first create an application as normal and then enable the feature.<br></span><div><ol><li><span>Create an app in the portal as you normally would. Navigate to it in the portal.</span><br> </li><li><span>If using a function app, navigate to Platform features. For other app types, scroll down to the Settings group in the left navigation.</span><br> </li><li><span>Select Identity.</span><br> </li><li><span>Within the System assigned tab, switch Status to On. Click Save.</span><br> </li> </ol><div>Or through the Azure CLI </div><pre><code><div>az webapp identity assign --name myApp --resource-group myResourceGroup<br> </div></code></pre> </div> </div>",
        "System.AssignedTo": null,
        "Microsoft.VSTS.Scheduling.RemainingWork": 0.0,
        "Microsoft.VSTS.Common.Priority": 2.0,
        "System.BoardLane": null,
        "System.Tags": null,
        "Microsoft.VSTS.TCM.Steps": null,
        "Microsoft.VSTS.TCM.Parameters": null,
        "Microsoft.VSTS.TCM.LocalDataSource": null,
        "Microsoft.VSTS.TCM.AutomationStatus": null,
        "System.History": null
      },
      "relations": null,
      "url": "https://dev.azure.com/arekbar51/_apis/wit/workItems/401"
    },
    {
      "id": 403,
      "rev": 1,
      "fields": {
        "System.AreaPath": "Secure Bot Service for Retail",
        "System.TeamProject": "Secure Bot Service for Retail",
        "System.IterationPath": "Secure Bot Service for Retail",
        "System.WorkItemType": "Task",
        "System.State": "New",
        "System.Reason": "New",
        "System.CreatedDate": "2022-01-31T06:46:36.15Z",
        "System.CreatedBy": "Arek Bar <arekbar@microsoft.com>",
        "System.ChangedDate": "2022-01-31T06:46:36.15Z",
        "System.ChangedBy": "Arek Bar <arekbar@microsoft.com>",
        "System.Title": "Store Conversation History in CosmosDB",
        "Microsoft.VSTS.Scheduling.Effort": 0.0,
        "System.Description": "<div><span>By default, Bot Framework uses the Bot Framework State to store conversation data. It is designed for prototyping, and is useful for development and testing environments. At the time of this writing, it has only a size limit of 32KB. Learn more about data management.<br></span><div><br> </div><span>For production environments, it’s highly recommended to use a NoSQL database to store data as documents, such as Azure Cosmos DB.</span><br> </div>",
        "System.AssignedTo": null,
        "Microsoft.VSTS.Scheduling.RemainingWork": 0.0,
        "Microsoft.VSTS.Common.Priority": 2.0,
        "System.BoardLane": null,
        "System.Tags": null,
        "Microsoft.VSTS.TCM.Steps": null,
        "Microsoft.VSTS.TCM.Parameters": null,
        "Microsoft.VSTS.TCM.LocalDataSource": null,
        "Microsoft.VSTS.TCM.AutomationStatus": null,
        "System.History": null
      },
      "relations": [
        {
          "rel": "System.LinkTypes.Hierarchy-Reverse",
          "url": "https://dev.azure.com/arekbar51/_apis/wit/workItems/402",
          "attributes": {
            "isLocked": "false",
            "name": "Parent"
          }
        }
      ],
      "url": "https://dev.azure.com/arekbar51/_apis/wit/workItems/403"
    },
    {
      "id": 404,
      "rev": 1,
      "fields": {
        "System.AreaPath": "Secure Bot Service for Retail",
        "System.TeamProject": "Secure Bot Service for Retail",
        "System.IterationPath": "Secure Bot Service for Retail",
        "System.WorkItemType": "Task",
        "System.State": "New",
        "System.Reason": "New",
        "System.CreatedDate": "2022-01-31T06:48:23.803Z",
        "System.CreatedBy": "Arek Bar <arekbar@microsoft.com>",
        "System.ChangedDate": "2022-01-31T06:48:23.803Z",
        "System.ChangedBy": "Arek Bar <arekbar@microsoft.com>",
        "System.Title": "Bot Builder SDK",
        "Microsoft.VSTS.Scheduling.Effort": 0.0,
        "System.Description": "<div>To customize your bot conversation data storage, you can use the Bot Builder SDK Azure Extensions. If you are developing your bot with Bot Builder SDK in C#, you have to edit the Global.asax file:<br> </div><div><br> </div><div><pre style=\"overflow:auto;font-family:Consolas, &quot;Courier New&quot;, monospace;font-size:12px;line-height:1.3;background-color:rgb(244, 245, 246);color:rgb(199, 37, 78);padding:10px;border:1px solid rgb(116, 116, 121);\">protected void Application_Start()\n{\n     // Adding DocumentDB endpoint and primary key\n     var docDbServiceEndpoint = new Uri(&quot;&lt;your documentDB endpoint&gt;&quot;);\n     var docDbKey = &quot;&lt;your documentDB key&gt;&quot;;\n\n    // Creating a data store based on DocumentDB\n     var store = new DocumentDbBotDataStore(docDbServiceEndpoint, docDbKey);\n\n    // Adding Azure dependencies to your bot (documentDB data store and Azure module)\n     var builder = new ContainerBuilder();\n\n    builder.RegisterModule(new AzureModule(Assembly.GetExecutingAssembly()));           \n    \n     // Key_DataStore is the key for data store register with the container\n     builder.Register(c =&gt; store)\n         .Keyed&lt;IBotDataStore&lt;BotData&gt;&gt;(AzureModule.Key_DataStore)\n         .AsSelf()\n         .SingleInstance();\n\n    // After adding new dependencies, update the container\n     builder.Update(Conversation.Container);\n\n    GlobalConfiguration.Configure(WebApiConfig.Register);\n}</pre><br> </div>",
        "System.AssignedTo": null,
        "Microsoft.VSTS.Scheduling.RemainingWork": 0.0,
        "Microsoft.VSTS.Common.Priority": 2.0,
        "System.BoardLane": null,
        "System.Tags": null,
        "Microsoft.VSTS.TCM.Steps": null,
        "Microsoft.VSTS.TCM.Parameters": null,
        "Microsoft.VSTS.TCM.LocalDataSource": null,
        "Microsoft.VSTS.TCM.AutomationStatus": null,
        "System.History": null
      },
      "relations": [
        {
          "rel": "System.LinkTypes.Hierarchy-Reverse",
          "url": "https://dev.azure.com/arekbar51/_apis/wit/workItems/402",
          "attributes": {
            "isLocked": "false",
            "name": "Parent"
          }
        }
      ],
      "url": "https://dev.azure.com/arekbar51/_apis/wit/workItems/404"
    },
    {
      "id": 407,
      "rev": 1,
      "fields": {
        "System.AreaPath": "Secure Bot Service for Retail",
        "System.TeamProject": "Secure Bot Service for Retail",
        "System.IterationPath": "Secure Bot Service for Retail",
        "System.WorkItemType": "Task",
        "System.State": "New",
        "System.Reason": "New",
        "System.CreatedDate": "2022-01-31T07:23:51.833Z",
        "System.CreatedBy": "Arek Bar <arekbar@microsoft.com>",
        "System.ChangedDate": "2022-01-31T07:23:51.833Z",
        "System.ChangedBy": "Arek Bar <arekbar@microsoft.com>",
        "System.Title": "Add language understanding",
        "Microsoft.VSTS.Scheduling.Effort": 0.0,
        "System.Description": "<div>Azure Bot Composer </div><div><br> </div><div><ol><li><span>Select the dialog that needs language understanding capabilities in the bot explorer.</span> </li><li>In the properties pane, go to Recognizer/Dispatch type and select Change. The Choose a recognizer type menu will appear. </li><li><span>Select Default and then select Done to set the recognizer type to LUIS.</span> </li> </ol><div><span>Select the desired dialog in the bot explorer. Select the three dots next to the dialog and then + Add new trigger.<br></span><div><br> </div><div>On the Create a trigger screen:<br> </div><div><br> </div><div><ol><li>Select Intent recognized for the trigger type. </li><li>Enter a name for the trigger, like Goodbye. </li><li><span>Enter example phrases in the Trigger phrases field using the .lu file format.&nbsp;<div style=\"box-sizing:border-box;text-align:start;\"><div style=\"box-sizing:border-box;\"><div style=\"box-sizing:border-box;\"><div style=\"box-sizing:border-box;\"><span style=\"box-sizing:border-box;\">- Bye.<br style=\"box-sizing:border-box;\"></span><div style=\"box-sizing:border-box;\">- Goodbye.<br style=\"box-sizing:border-box;\"> </div><div style=\"box-sizing:border-box;\">- See you later.<br style=\"box-sizing:border-box;\"> </div><span style=\"box-sizing:border-box;\">- Take it easy.</span> </div> </div> </div> </div></span> </li><li>After you select Submit, you will see the trigger node created in the authoring canvas. </li><li>If you want to specify a threshold for a specific intent, set a condition for this intent in the Condition field on the properties pane on the right. An example condition can be =#goodbye.score &gt;=0.8. </li><li>You can add actions to execute when the trigger fires, for example, the Send a response action. Create a new action by selecting the plus (+) icon in the authoring canvas, then Send a response from the drop-down list. </li><li>Enter This is a greeting intent! in the response editor of the properties pane and press Enter. </li> </ol> </div> </div> </div>",
        "System.AssignedTo": null,
        "Microsoft.VSTS.Scheduling.RemainingWork": 0.0,
        "Microsoft.VSTS.Common.Priority": 2.0,
        "System.BoardLane": null,
        "System.Tags": null,
        "Microsoft.VSTS.TCM.Steps": null,
        "Microsoft.VSTS.TCM.Parameters": null,
        "Microsoft.VSTS.TCM.LocalDataSource": null,
        "Microsoft.VSTS.TCM.AutomationStatus": null,
        "System.History": null
      },
      "relations": [
        {
          "rel": "System.LinkTypes.Hierarchy-Reverse",
          "url": "https://dev.azure.com/arekbar51/_apis/wit/workItems/406",
          "attributes": {
            "isLocked": "false",
            "name": "Parent"
          }
        }
      ],
      "url": "https://dev.azure.com/arekbar51/_apis/wit/workItems/407"
    }
  ],
  "HttpStatusCode": 0,
  "Message": null
}