{
  "count": 9,
  "value": [
    {
      "id": 388,
      "rev": 2,
      "fields": {
        "System.AreaPath": "Secure Bot Service for Retail",
        "System.TeamProject": "Secure Bot Service for Retail",
        "System.IterationPath": "Secure Bot Service for Retail",
        "System.WorkItemType": "User Story",
        "System.State": "New",
        "System.Reason": "New",
        "System.CreatedDate": "2022-01-31T06:15:03.11Z",
        "System.CreatedBy": "Arek Bar <arekbar@microsoft.com>",
        "System.ChangedDate": "2022-01-31T06:15:03.11Z",
        "System.ChangedBy": "Arek Bar <arekbar@microsoft.com>",
        "System.Title": "Bot Use Cases",
        "Microsoft.VSTS.Scheduling.Effort": 0.0,
        "System.Description": "<div style=\"box-sizing:border-box;\">Some examples of&nbsp;use cases where bots can enable users to have natural conversation to meet their needs: </div><div style=\"box-sizing:border-box;\"><br style=\"box-sizing:border-box;\"> </div><div style=\"box-sizing:border-box;\"><ul style=\"box-sizing:border-box;padding:0px 0px 0px 40px;\"><li style=\"box-sizing:border-box;\"><span style=\"box-sizing:border-box;\">Sales help and support issues</span> </li><li style=\"box-sizing:border-box;\">Opening hours and store information </li><li style=\"box-sizing:border-box;\">Employee health and vacation benefits </li><li style=\"box-sizing:border-box;\"><span style=\"box-sizing:border-box;\">Common employee questions for businesses</span> </li> </ul><div style=\"box-sizing:border-box;\">Chatbots can: </div> </div><div style=\"box-sizing:border-box;\"><br style=\"box-sizing:border-box;\"> </div><div style=\"box-sizing:border-box;\"><ul style=\"box-sizing:border-box;padding:0px 0px 0px 40px;\"><li style=\"box-sizing:border-box;\"><span style=\"box-sizing:border-box;\">Demo And Show Requested Products.</span> </li><li style=\"box-sizing:border-box;\">Become Personal Shopping Assistants.&nbsp; </li><li style=\"box-sizing:border-box;\">Serve As Sales Agents.&nbsp; </li><li style=\"box-sizing:border-box;\">Provide Quotes and Estimates.&nbsp; </li><li style=\"box-sizing:border-box;\">Can Connect Sales, Customer Support and More.&nbsp; </li><li style=\"box-sizing:border-box;\"><span style=\"box-sizing:border-box;\">Be The Best Assistants To Your Sales Team</span> </li> </ul> </div>",
        "System.AssignedTo": null,
        "Microsoft.VSTS.Scheduling.RemainingWork": 0.0,
        "Microsoft.VSTS.Common.Priority": 2.0,
        "System.BoardLane": null,
        "System.Tags": null,
        "Microsoft.VSTS.TCM.Steps": null,
        "Microsoft.VSTS.TCM.Parameters": null,
        "Microsoft.VSTS.TCM.LocalDataSource": null,
        "Microsoft.VSTS.TCM.AutomationStatus": null,
        "System.History": null
      },
      "relations": [
        {
          "rel": "System.LinkTypes.Hierarchy-Reverse",
          "url": "https://dev.azure.com/arekbar51/_apis/wit/workItems/382",
          "attributes": {
            "isLocked": "false",
            "name": "Parent"
          }
        }
      ],
      "url": "https://dev.azure.com/arekbar51/_apis/wit/workItems/388"
    },
    {
      "id": 389,
      "rev": 2,
      "fields": {
        "System.AreaPath": "Secure Bot Service for Retail",
        "System.TeamProject": "Secure Bot Service for Retail",
        "System.IterationPath": "Secure Bot Service for Retail",
        "System.WorkItemType": "User Story",
        "System.State": "New",
        "System.Reason": "New",
        "System.CreatedDate": "2022-01-31T06:16:28.893Z",
        "System.CreatedBy": "Arek Bar <arekbar@microsoft.com>",
        "System.ChangedDate": "2022-01-31T06:16:28.893Z",
        "System.ChangedBy": "Arek Bar <arekbar@microsoft.com>",
        "System.Title": "Create Your First Bot",
        "Microsoft.VSTS.Scheduling.Effort": 0.0,
        "System.Description": "<div style=\"box-sizing:border-box;\"><a href=\"https://docs.microsoft.com/en-us/azure/bot-service/bot-service-quickstart-create-bot?view=azure-bot-service-4.0&amp;tabs=csharp%2cvs\" style=\"box-sizing:border-box;text-decoration:underline;cursor:pointer;\">Create your first Bot</a> </div><br>",
        "System.AssignedTo": null,
        "Microsoft.VSTS.Scheduling.RemainingWork": 0.0,
        "Microsoft.VSTS.Common.Priority": 2.0,
        "System.BoardLane": null,
        "System.Tags": null,
        "Microsoft.VSTS.TCM.Steps": null,
        "Microsoft.VSTS.TCM.Parameters": null,
        "Microsoft.VSTS.TCM.LocalDataSource": null,
        "Microsoft.VSTS.TCM.AutomationStatus": null,
        "System.History": null
      },
      "relations": [
        {
          "rel": "System.LinkTypes.Hierarchy-Reverse",
          "url": "https://dev.azure.com/arekbar51/_apis/wit/workItems/383",
          "attributes": {
            "isLocked": "false",
            "name": "Parent"
          }
        },
        {
          "rel": "System.LinkTypes.Hierarchy-Forward",
          "url": "https://dev.azure.com/arekbar51/_apis/wit/workItems/390",
          "attributes": {
            "isLocked": "false",
            "name": "Child"
          }
        },
        {
          "rel": "System.LinkTypes.Hierarchy-Forward",
          "url": "https://dev.azure.com/arekbar51/_apis/wit/workItems/392",
          "attributes": {
            "isLocked": "false",
            "name": "Child"
          }
        }
      ],
      "url": "https://dev.azure.com/arekbar51/_apis/wit/workItems/389"
    },
    {
      "id": 391,
      "rev": 1,
      "fields": {
        "System.AreaPath": "Secure Bot Service for Retail",
        "System.TeamProject": "Secure Bot Service for Retail",
        "System.IterationPath": "Secure Bot Service for Retail",
        "System.WorkItemType": "User Story",
        "System.State": "New",
        "System.Reason": "New",
        "System.CreatedDate": "2022-01-31T06:19:10.597Z",
        "System.CreatedBy": "Arek Bar <arekbar@microsoft.com>",
        "System.ChangedDate": "2022-01-31T06:19:10.597Z",
        "System.ChangedBy": "Arek Bar <arekbar@microsoft.com>",
        "System.Title": "Intro to Bot Framework Composer ",
        "Microsoft.VSTS.Scheduling.Effort": 0.0,
        "System.Description": "<div><div style=\"box-sizing:border-box;\"><a href=\"https://docs.microsoft.com/en-us/composer/introduction?tabs=v2x\" style=\"box-sizing:border-box;text-decoration:underline;cursor:pointer;\">Intro to Bot Framework Composer</a> </div><br><br> </div>",
        "System.AssignedTo": null,
        "Microsoft.VSTS.Scheduling.RemainingWork": 0.0,
        "Microsoft.VSTS.Common.Priority": 2.0,
        "System.BoardLane": null,
        "System.Tags": null,
        "Microsoft.VSTS.TCM.Steps": null,
        "Microsoft.VSTS.TCM.Parameters": null,
        "Microsoft.VSTS.TCM.LocalDataSource": null,
        "Microsoft.VSTS.TCM.AutomationStatus": null,
        "System.History": null
      },
      "relations": [
        {
          "rel": "System.LinkTypes.Hierarchy-Reverse",
          "url": "https://dev.azure.com/arekbar51/_apis/wit/workItems/384",
          "attributes": {
            "isLocked": "false",
            "name": "Parent"
          }
        }
      ],
      "url": "https://dev.azure.com/arekbar51/_apis/wit/workItems/391"
    },
    {
      "id": 393,
      "rev": 1,
      "fields": {
        "System.AreaPath": "Secure Bot Service for Retail",
        "System.TeamProject": "Secure Bot Service for Retail",
        "System.IterationPath": "Secure Bot Service for Retail",
        "System.WorkItemType": "User Story",
        "System.State": "New",
        "System.Reason": "New",
        "System.CreatedDate": "2022-01-31T06:24:14.42Z",
        "System.CreatedBy": "Arek Bar <arekbar@microsoft.com>",
        "System.ChangedDate": "2022-01-31T06:24:14.42Z",
        "System.ChangedBy": "Arek Bar <arekbar@microsoft.com>",
        "System.Title": "Secrets Management",
        "Microsoft.VSTS.Scheduling.Effort": 0.0,
        "System.Description": null,
        "System.AssignedTo": null,
        "Microsoft.VSTS.Scheduling.RemainingWork": 0.0,
        "Microsoft.VSTS.Common.Priority": 2.0,
        "System.BoardLane": null,
        "System.Tags": null,
        "Microsoft.VSTS.TCM.Steps": null,
        "Microsoft.VSTS.TCM.Parameters": null,
        "Microsoft.VSTS.TCM.LocalDataSource": null,
        "Microsoft.VSTS.TCM.AutomationStatus": null,
        "System.History": null
      },
      "relations": [
        {
          "rel": "System.LinkTypes.Hierarchy-Forward",
          "url": "https://dev.azure.com/arekbar51/_apis/wit/workItems/394",
          "attributes": {
            "isLocked": "false",
            "name": "Child"
          }
        }
      ],
      "url": "https://dev.azure.com/arekbar51/_apis/wit/workItems/393"
    },
    {
      "id": 396,
      "rev": 2,
      "fields": {
        "System.AreaPath": "Secure Bot Service for Retail",
        "System.TeamProject": "Secure Bot Service for Retail",
        "System.IterationPath": "Secure Bot Service for Retail",
        "System.WorkItemType": "User Story",
        "System.State": "New",
        "System.Reason": "New",
        "System.CreatedDate": "2022-01-31T06:29:17.123Z",
        "System.CreatedBy": "Arek Bar <arekbar@microsoft.com>",
        "System.ChangedDate": "2022-01-31T06:43:40.917Z",
        "System.ChangedBy": "Arek Bar <arekbar@microsoft.com>",
        "System.Title": "Connect Azure DevOps to your Azure Subscription ",
        "Microsoft.VSTS.Scheduling.Effort": 0.0,
        "System.Description": null,
        "System.AssignedTo": null,
        "Microsoft.VSTS.Scheduling.RemainingWork": 0.0,
        "Microsoft.VSTS.Common.Priority": 2.0,
        "System.BoardLane": null,
        "System.Tags": null,
        "Microsoft.VSTS.TCM.Steps": null,
        "Microsoft.VSTS.TCM.Parameters": null,
        "Microsoft.VSTS.TCM.LocalDataSource": null,
        "Microsoft.VSTS.TCM.AutomationStatus": null,
        "System.History": null
      },
      "relations": [
        {
          "rel": "System.LinkTypes.Hierarchy-Forward",
          "url": "https://dev.azure.com/arekbar51/_apis/wit/workItems/395",
          "attributes": {
            "isLocked": "false",
            "name": "Child"
          }
        }
      ],
      "url": "https://dev.azure.com/arekbar51/_apis/wit/workItems/396"
    },
    {
      "id": 397,
      "rev": 1,
      "fields": {
        "System.AreaPath": "Secure Bot Service for Retail",
        "System.TeamProject": "Secure Bot Service for Retail",
        "System.IterationPath": "Secure Bot Service for Retail",
        "System.WorkItemType": "User Story",
        "System.State": "New",
        "System.Reason": "New",
        "System.CreatedDate": "2022-01-31T06:31:51.03Z",
        "System.CreatedBy": "Arek Bar <arekbar@microsoft.com>",
        "System.ChangedDate": "2022-01-31T06:31:51.03Z",
        "System.ChangedBy": "Arek Bar <arekbar@microsoft.com>",
        "System.Title": "CI/CD Pipelines ",
        "Microsoft.VSTS.Scheduling.Effort": 0.0,
        "System.Description": null,
        "System.AssignedTo": null,
        "Microsoft.VSTS.Scheduling.RemainingWork": 0.0,
        "Microsoft.VSTS.Common.Priority": 2.0,
        "System.BoardLane": null,
        "System.Tags": null,
        "Microsoft.VSTS.TCM.Steps": null,
        "Microsoft.VSTS.TCM.Parameters": null,
        "Microsoft.VSTS.TCM.LocalDataSource": null,
        "Microsoft.VSTS.TCM.AutomationStatus": null,
        "System.History": null
      },
      "relations": [
        {
          "rel": "System.LinkTypes.Hierarchy-Forward",
          "url": "https://dev.azure.com/arekbar51/_apis/wit/workItems/398",
          "attributes": {
            "isLocked": "false",
            "name": "Child"
          }
        }
      ],
      "url": "https://dev.azure.com/arekbar51/_apis/wit/workItems/397"
    },
    {
      "id": 399,
      "rev": 1,
      "fields": {
        "System.AreaPath": "Secure Bot Service for Retail",
        "System.TeamProject": "Secure Bot Service for Retail",
        "System.IterationPath": "Secure Bot Service for Retail",
        "System.WorkItemType": "User Story",
        "System.State": "New",
        "System.Reason": "New",
        "System.CreatedDate": "2022-01-31T06:34:08.3Z",
        "System.CreatedBy": "Arek Bar <arekbar@microsoft.com>",
        "System.ChangedDate": "2022-01-31T06:34:08.3Z",
        "System.ChangedBy": "Arek Bar <arekbar@microsoft.com>",
        "System.Title": "Connect to Internal Data Sources",
        "Microsoft.VSTS.Scheduling.Effort": 0.0,
        "System.Description": null,
        "System.AssignedTo": null,
        "Microsoft.VSTS.Scheduling.RemainingWork": 0.0,
        "Microsoft.VSTS.Common.Priority": 2.0,
        "System.BoardLane": null,
        "System.Tags": null,
        "Microsoft.VSTS.TCM.Steps": null,
        "Microsoft.VSTS.TCM.Parameters": null,
        "Microsoft.VSTS.TCM.LocalDataSource": null,
        "Microsoft.VSTS.TCM.AutomationStatus": null,
        "System.History": null
      },
      "relations": [
        {
          "rel": "System.LinkTypes.Hierarchy-Forward",
          "url": "https://dev.azure.com/arekbar51/_apis/wit/workItems/400",
          "attributes": {
            "isLocked": "false",
            "name": "Child"
          }
        },
        {
          "rel": "System.LinkTypes.Hierarchy-Reverse",
          "url": "https://dev.azure.com/arekbar51/_apis/wit/workItems/385",
          "attributes": {
            "isLocked": "false",
            "name": "Parent"
          }
        }
      ],
      "url": "https://dev.azure.com/arekbar51/_apis/wit/workItems/399"
    },
    {
      "id": 402,
      "rev": 1,
      "fields": {
        "System.AreaPath": "Secure Bot Service for Retail",
        "System.TeamProject": "Secure Bot Service for Retail",
        "System.IterationPath": "Secure Bot Service for Retail",
        "System.WorkItemType": "User Story",
        "System.State": "New",
        "System.Reason": "New",
        "System.CreatedDate": "2022-01-31T06:45:45.99Z",
        "System.CreatedBy": "Arek Bar <arekbar@microsoft.com>",
        "System.ChangedDate": "2022-01-31T06:45:45.99Z",
        "System.ChangedBy": "Arek Bar <arekbar@microsoft.com>",
        "System.Title": "Storing Conversation States",
        "Microsoft.VSTS.Scheduling.Effort": 0.0,
        "System.Description": null,
        "System.AssignedTo": null,
        "Microsoft.VSTS.Scheduling.RemainingWork": 0.0,
        "Microsoft.VSTS.Common.Priority": 2.0,
        "System.BoardLane": null,
        "System.Tags": null,
        "Microsoft.VSTS.TCM.Steps": null,
        "Microsoft.VSTS.TCM.Parameters": null,
        "Microsoft.VSTS.TCM.LocalDataSource": null,
        "Microsoft.VSTS.TCM.AutomationStatus": null,
        "System.History": null
      },
      "relations": [
        {
          "rel": "System.LinkTypes.Hierarchy-Forward",
          "url": "https://dev.azure.com/arekbar51/_apis/wit/workItems/403",
          "attributes": {
            "isLocked": "false",
            "name": "Child"
          }
        },
        {
          "rel": "System.LinkTypes.Hierarchy-Reverse",
          "url": "https://dev.azure.com/arekbar51/_apis/wit/workItems/386",
          "attributes": {
            "isLocked": "false",
            "name": "Parent"
          }
        },
        {
          "rel": "System.LinkTypes.Hierarchy-Forward",
          "url": "https://dev.azure.com/arekbar51/_apis/wit/workItems/404",
          "attributes": {
            "isLocked": "false",
            "name": "Child"
          }
        }
      ],
      "url": "https://dev.azure.com/arekbar51/_apis/wit/workItems/402"
    },
    {
      "id": 406,
      "rev": 1,
      "fields": {
        "System.AreaPath": "Secure Bot Service for Retail",
        "System.TeamProject": "Secure Bot Service for Retail",
        "System.IterationPath": "Secure Bot Service for Retail",
        "System.WorkItemType": "User Story",
        "System.State": "New",
        "System.Reason": "New",
        "System.CreatedDate": "2022-01-31T06:50:02.833Z",
        "System.CreatedBy": "Arek Bar <arekbar@microsoft.com>",
        "System.ChangedDate": "2022-01-31T06:50:02.833Z",
        "System.ChangedBy": "Arek Bar <arekbar@microsoft.com>",
        "System.Title": "Train LUIS Models",
        "Microsoft.VSTS.Scheduling.Effort": 0.0,
        "System.Description": null,
        "System.AssignedTo": null,
        "Microsoft.VSTS.Scheduling.RemainingWork": 0.0,
        "Microsoft.VSTS.Common.Priority": 2.0,
        "System.BoardLane": null,
        "System.Tags": null,
        "Microsoft.VSTS.TCM.Steps": null,
        "Microsoft.VSTS.TCM.Parameters": null,
        "Microsoft.VSTS.TCM.LocalDataSource": null,
        "Microsoft.VSTS.TCM.AutomationStatus": null,
        "System.History": null
      },
      "relations": [
        {
          "rel": "System.LinkTypes.Hierarchy-Reverse",
          "url": "https://dev.azure.com/arekbar51/_apis/wit/workItems/405",
          "attributes": {
            "isLocked": "false",
            "name": "Parent"
          }
        },
        {
          "rel": "System.LinkTypes.Hierarchy-Forward",
          "url": "https://dev.azure.com/arekbar51/_apis/wit/workItems/407",
          "attributes": {
            "isLocked": "false",
            "name": "Child"
          }
        }
      ],
      "url": "https://dev.azure.com/arekbar51/_apis/wit/workItems/406"
    }
  ],
  "HttpStatusCode": 0,
  "Message": null
}