{
  "Extensions": [
    {
      "extensionName": "Accessibility Insights for Azure DevOps - Beta",
      "link": "<a href='https://marketplace.visualstudio.com/items?itemName=accessibility-insights.prod' target='_blank'><b>Accessibility Insights for Azure DevOps - Beta</b></a>",
      "publisherId": "accessibility-insights",
      "extensionId": "prod",
      "publisherName": "Accessibility Insights",
      "License": "<a href='https://marketplace.visualstudio.com/items?itemName=accessibility-insights.prod' target='_blank'>License Terms</a>"
    },
    {
      "extensionName": "Files and Folders View for Test Attachments",
      "link": "<a href='https://marketplace.visualstudio.com/items?itemName=asg-cloudtest.asg-cloudtest-attachments' target='_blank'><b>Files and Folders View for Test Attachments</b></a>",
      "publisherId": "asg-cloudtest",
      "extensionId": "asg-cloudtest-attachments",
      "publisherName": "CloudTest",
      "License": "<a href='https://marketplace.visualstudio.com/items?itemName=asg-cloudtest.asg-cloudtest-attachments' target='_blank'>License Terms</a>"
    },
    {
      "extensionName": "Drop Validator Build Task",
      "link": "<a href='https://marketplace.visualstudio.com/items?itemName=AzureArtifacts.drop-validator-task' target='_blank'><b>Drop Validator Build Task</b></a>",
      "publisherId": "AzureArtifacts",
      "extensionId": "drop-validator-task",
      "publisherName": "Microsoft",
      "License": "<a href='https://marketplace.visualstudio.com/items?itemName=AzureArtifacts.drop-validator-task' target='_blank'>License Terms</a>"
    },
    {
      "extensionName": "Manifest Generator Task",
      "link": "<a href='https://marketplace.visualstudio.com/items?itemName=AzureArtifacts.manifest-generator-task' target='_blank'><b>Manifest Generator Task</b></a>",
      "publisherId": "AzureArtifacts",
      "extensionId": "manifest-generator-task",
      "publisherName": "Microsoft",
      "License": "<a href='https://marketplace.visualstudio.com/items?itemName=AzureArtifacts.manifest-generator-task' target='_blank'>License Terms</a>"
    },
    {
      "extensionName": "Repository banner (Prod)",
      "link": "<a href='https://marketplace.visualstudio.com/items?itemName=compliance-internals.onees-repository-banner-prod' target='_blank'><b>Repository banner (Prod)</b></a>",
      "publisherId": "compliance-internals",
      "extensionId": "onees-repository-banner-prod",
      "publisherName": "Compliance Internals",
      "License": "<a href='https://marketplace.visualstudio.com/items?itemName=compliance-internals.onees-repository-banner-prod' target='_blank'>License Terms</a>"
    },
    {
      "extensionName": "Product Catalog Inventory Extension",
      "link": "<a href='https://marketplace.visualstudio.com/items?itemName=compliance-internals.product-catalog-inventory-prod' target='_blank'><b>Product Catalog Inventory Extension</b></a>",
      "publisherId": "compliance-internals",
      "extensionId": "product-catalog-inventory-prod",
      "publisherName": "Compliance Internals",
      "License": "<a href='https://marketplace.visualstudio.com/items?itemName=compliance-internals.product-catalog-inventory-prod' target='_blank'>License Terms</a>"
    },
    {
      "extensionName": "Live Secrets Detection Extension",
      "link": "<a href='https://marketplace.visualstudio.com/items?itemName=merlinbot-internals.spam-analysis-prod' target='_blank'><b>Live Secrets Detection Extension</b></a>",
      "publisherId": "merlinbot-internals",
      "extensionId": "spam-analysis-prod",
      "publisherName": "MerlinBot",
      "License": "<a href='https://marketplace.visualstudio.com/items?itemName=merlinbot-internals.spam-analysis-prod' target='_blank'>License Terms</a>"
    },
    {
      "extensionName": "Nuget Security Analysis",
      "link": "<a href='https://marketplace.visualstudio.com/items?itemName=ms.nuget-security-analysis' target='_blank'><b>Nuget Security Analysis</b></a>",
      "publisherId": "ms",
      "extensionId": "nuget-security-analysis",
      "publisherName": "Microsoft",
      "License": "<a href='https://marketplace.visualstudio.com/items?itemName=ms.nuget-security-analysis' target='_blank'>License Terms</a>"
    },
    {
      "extensionName": "Product Catalog",
      "link": "<a href='https://marketplace.visualstudio.com/items?itemName=ms.product-catalog' target='_blank'><b>Product Catalog</b></a>",
      "publisherId": "ms",
      "extensionId": "product-catalog",
      "publisherName": "Microsoft",
      "License": "<a href='https://marketplace.visualstudio.com/items?itemName=ms.product-catalog' target='_blank'>License Terms</a>"
    },
    {
      "extensionName": "Component Governance Build Task",
      "link": "<a href='https://marketplace.visualstudio.com/items?itemName=ms.vss-governance-buildtask' target='_blank'><b>Component Governance Build Task</b></a>",
      "publisherId": "ms",
      "extensionId": "vss-governance-buildtask",
      "publisherName": "Microsoft",
      "License": "<a href='https://marketplace.visualstudio.com/items?itemName=ms.vss-governance-buildtask' target='_blank'>License Terms</a>"
    },
    {
      "extensionName": "Microsoft Component Policies",
      "link": "<a href='https://marketplace.visualstudio.com/items?itemName=ms-compliance.microsoft-component-policies' target='_blank'><b>Microsoft Component Policies</b></a>",
      "publisherId": "ms-compliance",
      "extensionId": "microsoft-component-policies",
      "publisherName": "Compliance Partners",
      "License": "<a href='https://marketplace.visualstudio.com/items?itemName=ms-compliance.microsoft-component-policies' target='_blank'>License Terms</a>"
    },
    {
      "extensionName": "SARIF SAST Scans Tab",
      "link": "<a href='https://marketplace.visualstudio.com/items?itemName=sariftools.scans' target='_blank'><b>SARIF SAST Scans Tab</b></a>",
      "publisherId": "sariftools",
      "extensionId": "scans",
      "publisherName": "Microsoft DevLabs",
      "License": "<a href='https://marketplace.visualstudio.com/items?itemName=sariftools.scans' target='_blank'>License Terms</a>"
    },
    {
      "extensionName": "Component Governance",
      "link": "<a href='https://marketplace.visualstudio.com/items?itemName=ms.vss-governance-web' target='_blank'><b>Component Governance</b></a>",
      "publisherId": "ms",
      "extensionId": "vss-governance-web",
      "publisherName": "Microsoft",
      "License": "<a href='https://marketplace.visualstudio.com/items?itemName=ms.vss-governance-web' target='_blank'>License Terms</a>"
    }
  ]
}